Nome - Cognome - Email - Password - Numero di telefono
Alessandro,Marino,alessandro.marino1@example.com,pGf19NYu5T,4337631292
Martina,Ferrari,martina.ferrari2@example.com,RaTA9bfOkO,2030909555
Antonio,Russo,antonio.russo3@example.com,XUuDSaItqq,5745819778
Sofia,Rossi,sofia.rossi4@example.com,JMNiw02MhX,9607243760
Martina,Russo,martina.russo5@example.com,s3fRs8noWk,0255844946
Luigi,Marino,luigi.marino6@example.com,cYGiVdX97o,1297663826
Luigi,Marino,luigi.marino7@example.com,SCJOvM8cZE,2026157844
Luigi,Rossi,luigi.rossi8@example.com,Dc4UsWZ9wP,3204623283
Sofia,Marino,sofia.marino9@example.com,kZNYf83dUl,2408769894
Lorenzo,Russo,lorenzo.russo10@example.com,UfzEt8VyaE,6727494267
Giulia,Ferrari,giulia.ferrari11@example.com,0SRKJZUwX5,3096290077
Mario,Esposito,mario.esposito12@example.com,d5GYT2vjHS,2007244679
Sofia,Bianchi,sofia.bianchi13@example.com,4ffm8yyZtD,0169397528
Mario,Esposito,mario.esposito14@example.com,gm091QKaHD,0368500559
Francesca,Esposito,francesca.esposito15@example.com,plkIcddw3b,9515303679
Lorenzo,Romano,lorenzo.romano16@example.com,9akxeD8ady,8607229963
Sofia,Romano,sofia.romano17@example.com,p0TBaCEss0,2586746710
Martina,Rossi,martina.rossi18@example.com,he9ZVm2QjB,0764827642
Francesca,Ricci,francesca.ricci19@example.com,FLBAZCowWJ,1519236534
Giulia,Greco,giulia.greco20@example.com,1pMQh5mCUy,6221607376
Francesca,Ricci,francesca.ricci21@example.com,VC4eTlNAID,6104853136
Sofia,Greco,sofia.greco22@example.com,CVMUvZum6T,3753324897
Alessandro,Russo,alessandro.russo23@example.com,Aunl2W3DiR,7894224806
Antonio,Bianchi,antonio.bianchi24@example.com,2jYjhqW2we,7835450076
Alessandro,Ferrari,alessandro.ferrari25@example.com,UpJxT5af3h,2725053367
Sofia,Esposito,sofia.esposito26@example.com,mKLm1PF5vK,5235163997
Lorenzo,Ferrari,lorenzo.ferrari27@example.com,E17tuWqpRF,9715458779
Mario,Colombo,mario.colombo28@example.com,OM65hzdFMc,6556631847
Antonio,Greco,antonio.greco29@example.com,Mm7thiuwI7,5208141184
Martina,Marino,martina.marino30@example.com,y5OoMX8Xbw,6144607613
Sofia,Rossi,sofia.rossi31@example.com,Nmvo9XjbPA,2023930037
Alessandro,Esposito,alessandro.esposito32@example.com,A1COZPKpis,6701875096
Giulia,Bianchi,giulia.bianchi33@example.com,JzJqkjWgt1,0837644659
Giulia,Bianchi,giulia.bianchi34@example.com,xaiejBccj5,5524715417
Francesca,Rossi,francesca.rossi35@example.com,Muwu5g50oc,0312208942
Alessandro,Marino,alessandro.marino36@example.com,s8WuR8OU2b,7493092882
Francesca,Esposito,francesca.esposito37@example.com,XY56XaIy3v,7503726746
Giulia,Greco,giulia.greco38@example.com,nAmzlED5kk,6441486715
Sofia,Marino,sofia.marino39@example.com,wAEUyLWkoR,9159459333
Sofia,Greco,sofia.greco40@example.com,Ik6aH3MKKW,8346402202
Sofia,Greco,sofia.greco41@example.com,2N6uCB5zXx,2698103035
Antonio,Ferrari,antonio.ferrari42@example.com,4j6RfQYWLA,3999662247
Francesca,Marino,francesca.marino43@example.com,KwO3H6mnIu,3361613045
Martina,Ferrari,martina.ferrari44@example.com,sscyCJQrwU,7653426109
Sofia,Colombo,sofia.colombo45@example.com,G5HVQodbLi,6717424485
Mario,Greco,mario.greco46@example.com,HNBu8uLk5V,1485616883
Lorenzo,Bianchi,lorenzo.bianchi47@example.com,uyJzPnaBxP,5820518181
Lorenzo,Rossi,lorenzo.rossi48@example.com,XzZVpqACeA,4317435415
Antonio,Ferrari,antonio.ferrari49@example.com,sUgCiNbUjZ,2667622915
Mario,Greco,mario.greco50@example.com,ZSAYxKxH1O,0316136385
Sofia,Bianchi,sofia.bianchi51@example.com,649bXWmPvB,6279444662
Giulia,Colombo,giulia.colombo52@example.com,5omA8atuJ7,6576063864
Mario,Rossi,mario.rossi53@example.com,mizPRnsBlZ,7906724302
Mario,Ricci,mario.ricci54@example.com,DiIMtT6114,9515034934
Giuseppe,Romano,giuseppe.romano55@example.com,R0ITqMAzpC,6226288088
Giulia,Colombo,giulia.colombo56@example.com,AD0jOXk8xk,9536441319
Luigi,Russo,luigi.russo57@example.com,RXhWgzLGfV,2811535082
Antonio,Ricci,antonio.ricci58@example.com,EQIAS6KC71,7663900356
Giuseppe,Greco,giuseppe.greco59@example.com,wPO3QA8K2M,5865544738
Antonio,Bianchi,antonio.bianchi60@example.com,yiUW1PdayM,0760514775
Luigi,Bianchi,luigi.bianchi61@example.com,2omwZP1b94,8745999500
Alessandro,Rossi,alessandro.rossi62@example.com,WsqW7tO6Ct,0704048793
Giuseppe,Romano,giuseppe.romano63@example.com,3hgKxhbHl8,2798396883
Martina,Ferrari,martina.ferrari64@example.com,PEZaRYci8c,2052723780
Mario,Greco,mario.greco65@example.com,cZvrYEMaQr,0340797374
Mario,Colombo,mario.colombo66@example.com,hp8557BfGF,0235024002
Antonio,Ferrari,antonio.ferrari67@example.com,UgvdxMH6FP,6753305935
Antonio,Russo,antonio.russo68@example.com,SEqS1JjOhr,7936300702
Martina,Greco,martina.greco69@example.com,X2NnZC5N6N,2965039796
Mario,Russo,mario.russo70@example.com,jDJqXk8vbn,2980649509
Giuseppe,Ricci,giuseppe.ricci71@example.com,zzjtwC3IEs,5453738006
Mario,Rossi,mario.rossi72@example.com,2mxt7bhtBx,4254494396
Alessandro,Bianchi,alessandro.bianchi73@example.com,rOiRYNPGA5,8389093694
Sofia,Marino,sofia.marino74@example.com,wZhurdcOYq,9087539314
Giuseppe,Ricci,giuseppe.ricci75@example.com,u4Iu0fA1nd,9227732782
Giulia,Ricci,giulia.ricci76@example.com,2JjRoUkAcP,1437515389
Mario,Romano,mario.romano77@example.com,1SvPySDwLS,1821525069
Martina,Ricci,martina.ricci78@example.com,eObDvCdlqk,6314130549
Luigi,Greco,luigi.greco79@example.com,p6oRgQLUIh,1114344663
Luigi,Bianchi,luigi.bianchi80@example.com,3ehHqHV0U0,4206382310
Alessandro,Ferrari,alessandro.ferrari81@example.com,Nb5yC8gwgE,8658693188
Francesca,Esposito,francesca.esposito82@example.com,0fgooCMjBx,4156834717
Martina,Ricci,martina.ricci83@example.com,sbRkgQ8qDo,5968990904
Sofia,Colombo,sofia.colombo84@example.com,4AFmkNGQIC,8416180733
Giuseppe,Colombo,giuseppe.colombo85@example.com,XiBiVF77qy,4066663532
Sofia,Romano,sofia.romano86@example.com,UZy2CrYvYg,8957392685
Martina,Russo,martina.russo87@example.com,ijDLW8cvzZ,4933009704
Lorenzo,Ferrari,lorenzo.ferrari88@example.com,eyRgpe4MeU,5156623157
Mario,Ferrari,mario.ferrari89@example.com,eh7TflyVPB,4380306957
Antonio,Marino,antonio.marino90@example.com,lIY0ct7PuF,4683211311
Luigi,Rossi,luigi.rossi91@example.com,TTG6ToJbJP,2239405261
Francesca,Greco,francesca.greco92@example.com,bpf9NKwtQG,3567564206
Sofia,Ferrari,sofia.ferrari93@example.com,yIMv5ve5zj,5082819305
Martina,Bianchi,martina.bianchi94@example.com,hjfCTeIT1D,5843659666
Francesca,Colombo,francesca.colombo95@example.com,k7xLihjuve,7953169061
Giuseppe,Ricci,giuseppe.ricci96@example.com,9zPNI2lWat,8062552839
Sofia,Esposito,sofia.esposito97@example.com,wyD1lr4WLW,6204795063
Sofia,Ricci,sofia.ricci98@example.com,IqA43mNsY4,4574023559
Antonio,Colombo,antonio.colombo99@example.com,7GwQBlXmF4,2030685090
Sofia,Esposito,sofia.esposito100@example.com,ckiKT4PGRj,4641834586
Giuseppe,Rossi,giuseppe.rossi101@example.com,Mpp9EF9ehj,8977879874
Antonio,Greco,antonio.greco102@example.com,MPlFVEle3i,4166192804
Giuseppe,Ricci,giuseppe.ricci103@example.com,J8QbW8GO2H,5105662404
Sofia,Colombo,sofia.colombo104@example.com,CRMYgHm0yf,6290612935
Sofia,Marino,sofia.marino105@example.com,3VufwVJWgL,7201710975
Luigi,Marino,luigi.marino106@example.com,IbeMlBI7UK,9365045578
Francesca,Romano,francesca.romano107@example.com,2GQAgrMfrJ,3585602377
Luigi,Romano,luigi.romano108@example.com,AF1sWikeRA,9828144810
Martina,Esposito,martina.esposito109@example.com,Vozw0HO5CN,7074984684
Giulia,Colombo,giulia.colombo110@example.com,q21hYRVLmQ,2934634920
Giuseppe,Bianchi,giuseppe.bianchi111@example.com,W3mu05EfHC,9951113630
Luigi,Colombo,luigi.colombo112@example.com,FCmuQfKzTt,7318662664
Lorenzo,Marino,lorenzo.marino113@example.com,nOhtwnv9eZ,9255148158
Giuseppe,Romano,giuseppe.romano114@example.com,Ex9pHeI9hi,0685421205
Sofia,Ricci,sofia.ricci115@example.com,eeKyYFKYsw,0279325432
Lorenzo,Rossi,lorenzo.rossi116@example.com,B2j42iIqz4,3169789745
Alessandro,Bianchi,alessandro.bianchi117@example.com,5gWM9EU04h,8395002404
Mario,Russo,mario.russo118@example.com,gCGD8V3wWh,2905772405
Sofia,Ricci,sofia.ricci119@example.com,aoXvYezufq,0701761765
Martina,Esposito,martina.esposito120@example.com,pnSXY3sZH8,4639987497
Sofia,Russo,sofia.russo121@example.com,zd2WZyL29O,1501667904
Mario,Bianchi,mario.bianchi122@example.com,jdEwbcPQGK,5940877458
Sofia,Marino,sofia.marino123@example.com,mhzjg4iRyB,7789408128
Francesca,Colombo,francesca.colombo124@example.com,etjE3BVzc4,9616340174
Mario,Ferrari,mario.ferrari125@example.com,sU03m2MLLg,6166588678
Lorenzo,Greco,lorenzo.greco126@example.com,xbrbzqTvK4,8994345549
Giulia,Esposito,giulia.esposito127@example.com,uBSYS8sQVb,7701089502
Antonio,Colombo,antonio.colombo128@example.com,B00RouUcfo,1703532195
Lorenzo,Romano,lorenzo.romano129@example.com,O9yVGZgnet,0519603850
Antonio,Russo,antonio.russo130@example.com,yiHpgT4M2B,9039847683
Martina,Esposito,martina.esposito131@example.com,e3VBt7Xj2n,9560046644
Francesca,Ricci,francesca.ricci132@example.com,KVKhCDW4mM,9336422690
Luigi,Ferrari,luigi.ferrari133@example.com,WyDUUSnCF0,7366829622
Mario,Greco,mario.greco134@example.com,lOcouYRT4P,4581716670
Francesca,Romano,francesca.romano135@example.com,M3kGWv39ed,4731308741
Lorenzo,Esposito,lorenzo.esposito136@example.com,XE8TAHF8AF,6117569254
Alessandro,Bianchi,alessandro.bianchi137@example.com,XUPhZA0i3k,6670823612
Lorenzo,Bianchi,lorenzo.bianchi138@example.com,wZF3d4oPdi,9460782059
Mario,Ferrari,mario.ferrari139@example.com,2vhzcl5oMb,5918489890
Mario,Romano,mario.romano140@example.com,Zl1TkHMQip,8852688610
Alessandro,Bianchi,alessandro.bianchi141@example.com,e5kz0ifE1o,9138023060
Alessandro,Ferrari,alessandro.ferrari142@example.com,8YkVBkSVYu,6272559029
Alessandro,Greco,alessandro.greco143@example.com,0HHXCt78qX,3896288661
Giuseppe,Colombo,giuseppe.colombo144@example.com,wQEkTctB3s,6245280690
Luigi,Colombo,luigi.colombo145@example.com,A6c6BxqRIl,8469035078
Luigi,Marino,luigi.marino146@example.com,Elf4HyV0yT,0280616845
Luigi,Esposito,luigi.esposito147@example.com,a4sHY93N9F,4284767167
Lorenzo,Rossi,lorenzo.rossi148@example.com,2XKHqEcU17,5362371602
Mario,Rossi,mario.rossi149@example.com,x4X6xnuXiH,7273920534
Francesca,Rossi,francesca.rossi150@example.com,xrrp82iRLi,8887510444
Luigi,Bianchi,luigi.bianchi151@example.com,Wf9KjQWM8n,6864645850
Alessandro,Russo,alessandro.russo152@example.com,530ucAKxfw,3562250277
Lorenzo,Ricci,lorenzo.ricci153@example.com,VPSSEnTqrg,4117036484
Francesca,Rossi,francesca.rossi154@example.com,HXYDQi5d6R,4074277035
Alessandro,Bianchi,alessandro.bianchi155@example.com,MjfIy6vCZd,9883275363
Antonio,Greco,antonio.greco156@example.com,eamV9FLNX6,0583113158
Luigi,Romano,luigi.romano157@example.com,cZJejm0joA,4704705493
Martina,Marino,martina.marino158@example.com,lA35Yy0bCF,7357725888
Mario,Russo,mario.russo159@example.com,O6DS5XmA9t,7776075593
Sofia,Marino,sofia.marino160@example.com,UVidNkYffN,9885368838
Mario,Colombo,mario.colombo161@example.com,qBneUfzsUG,0555206051
Mario,Greco,mario.greco162@example.com,X422W6gGdF,6288094248
Lorenzo,Ferrari,lorenzo.ferrari163@example.com,jSoZB2R89q,9776496716
Lorenzo,Colombo,lorenzo.colombo164@example.com,GaOCNnVyR8,4990934046
Sofia,Bianchi,sofia.bianchi165@example.com,QGZlhdnteI,8226851657
Giulia,Romano,giulia.romano166@example.com,sJigCR7olg,1651583748
Giulia,Rossi,giulia.rossi167@example.com,I5cbCfGSmD,9073983370
Giulia,Greco,giulia.greco168@example.com,GOdv1Rz1Xg,2741776498
Francesca,Marino,francesca.marino169@example.com,o9JpZ4JUnm,7518742762
Alessandro,Rossi,alessandro.rossi170@example.com,VSoryn5SK2,7180472403
Giulia,Bianchi,giulia.bianchi171@example.com,zAZGIKMTIw,1086265583
Antonio,Esposito,antonio.esposito172@example.com,4TcHlaxoXu,0832043155
Martina,Esposito,martina.esposito173@example.com,3mwgdEtZP3,4151335381
Francesca,Russo,francesca.russo174@example.com,YLxQgykPem,8805435000
Francesca,Rossi,francesca.rossi175@example.com,olsBFZhq53,9796665821
Martina,Ferrari,martina.ferrari176@example.com,Wf7QEZcf1v,9969600225
Luigi,Greco,luigi.greco177@example.com,w4SpCW50Es,4825330712
Giulia,Greco,giulia.greco178@example.com,lJsl9oWwhY,5130956299
Alessandro,Esposito,alessandro.esposito179@example.com,IKnssffsWv,2303469201
Lorenzo,Romano,lorenzo.romano180@example.com,P2rlmUzKRe,7396392015
Luigi,Esposito,luigi.esposito181@example.com,JxIm9c3S27,9549035217
Giuseppe,Colombo,giuseppe.colombo182@example.com,ut8YwPvBzi,8910003478
Francesca,Ferrari,francesca.ferrari183@example.com,sbTsm0GRZr,4333101359
Martina,Ricci,martina.ricci184@example.com,KlOyI5nq8s,9411207075
Mario,Rossi,mario.rossi185@example.com,FF4dTU81Yf,3314604787
Martina,Bianchi,martina.bianchi186@example.com,X7DckC92Dg,6340997755
Martina,Esposito,martina.esposito187@example.com,msxrktrKYH,0699064542
Francesca,Romano,francesca.romano188@example.com,PFytb4J8Gx,8775221670
Martina,Romano,martina.romano189@example.com,OqqRzFbfb1,1693385237
Sofia,Ricci,sofia.ricci190@example.com,V92F1uOzAc,3202741687
Antonio,Rossi,antonio.rossi191@example.com,FyxsC3esbL,4763077186
Luigi,Colombo,luigi.colombo192@example.com,QqQqpjwidA,4673357000
Francesca,Ricci,francesca.ricci193@example.com,UG1GbyYTae,3780661682
Sofia,Bianchi,sofia.bianchi194@example.com,kAVOpZFCEl,7365315130
Mario,Bianchi,mario.bianchi195@example.com,zeH6ndoP2I,1115994353
Antonio,Colombo,antonio.colombo196@example.com,RccbgxBRUs,0060160380
Mario,Russo,mario.russo197@example.com,DPbqUK37DK,3149785820
Giulia,Esposito,giulia.esposito198@example.com,3SrZgmFKas,9871730772
Sofia,Russo,sofia.russo199@example.com,kLBzWgbiGJ,8337033419
Giulia,Ricci,giulia.ricci200@example.com,v0h2YUTqjt,9680846318
